date,Afghanistan,Angola,Albania,Argentina,Armenia,American Samoa,Azerbaijan,Burundi,Benin,Burkina Faso,Bangladesh,Bulgaria,Bosnia and Herzegovina,Belarus,Belize,Bolivia,Brazil,Bhutan,Botswana,Central African Republic,China,Cote d'Ivoire,Cameroon,"Congo, Dem. Rep.","Congo, Rep.",Colombia,Comoros,Cabo Verde,Costa Rica,Cuba,Djibouti,Dominica,Dominican Republic,Algeria,Ecuador,"Egypt, Arab Rep.",Eritrea,Ethiopia,Fiji,"Micronesia, Fed. Sts.",Gabon,Georgia,Ghana,Guinea,"Gambia, The",Guinea-Bissau,Equatorial Guinea,Grenada,Guatemala,Guyana,Honduras,Haiti,Indonesia,India,"Iran, Islamic Rep.",Iraq,Jamaica,Jordan,Kazakhstan,Kenya,Kyrgyz Republic,Cambodia,Kiribati,Lao PDR,Lebanon,Liberia,Libya,St. Lucia,Sri Lanka,Lesotho,Morocco,Moldova,Madagascar,Maldives,Mexico,Marshall Islands,North Macedonia,Mali,Myanmar,Montenegro,Mongolia,Mozambique,Mauritania,Mauritius,Malawi,Malaysia,Namibia,Niger,Nigeria,Nicaragua,Nepal,Pakistan,Panama,Peru,Philippines,Papua New Guinea,"Korea, Dem. People's Rep.",Paraguay,West Bank and Gaza,Romania,Russian Federation,Rwanda,Sudan,Senegal,Solomon Islands,Sierra Leone,El Salvador,Somalia,Serbia,South Sudan,Sao Tome and Principe,Suriname,Eswatini,Syrian Arab Republic,Chad,Togo,Thailand,Tajikistan,Turkmenistan,Timor-Leste,Tonga,Tunisia,Turkey,Tuvalu,Tanzania,Uganda,Ukraine,Uzbekistan,St. Vincent and the Grenadines,Vietnam,Vanuatu,Samoa,Kosovo,"Yemen, Rep.",South Africa,Zambia,Zimbabwe
2021-01-01,,,,,,,,,,,,,,,,,,,,,,,,,,,,,,,,,,,,,,,,,,,,,,,,,,,,,,,,,,,,,,,,,,,,,,,,,,,,,,,,,,,,,,,,,,,,,,,,,,,,,,,,,,,,,,,,,,,,,,,,,,,,,,,,,,,,,,,,,
2020-01-01,3036369312.4,67286794415.2,10859239096.8,253760056780.7,13093864395.5,,15811923784.2,625985283.6,5250479649.2,4494781776.5,67749043920.7,43347397245.2,14263489883.9,42491219492.3,1526004210.8,15421072053.6,549234311520.2,2868979841.7,1597427934.6,935630034.0,2349388621678.4,25072693104.0,13863899165.5,6137246433.1,5253134974.2,155171767040.5,301131309.5,2069786254.3,31287627814.7,,2678724034.8,328975990.2,44467742286.3,5178215526.0,56190547675.7,131579729752.3,788537429.3,30364411863.0,1518014488.9,,7615875628.1,20088956454.8,31323084616.8,4175376873.8,775654200.1,805942506.0,,658742963.7,25136104794.9,1506687262.6,11016615220.9,2317684493.9,417531650069.7,564179014212.4,5451188395.8,,18034588389.0,38016104454.3,162974379888.5,38193646113.7,8697096132.6,17562061636.9,,17164137036.5,68865417339.4,1480598762.4,,733837563.5,56341952149.6,1052218388.9,65682954942.0,8475902591.1,4873178319.3,3351712547.7,467511920765.7,,10606666542.8,6081077523.8,13348140041.1,9722712647.4,33236211399.4,20932324154.5,5710104834.5,18527475048.5,2943281966.5,,,4590696470.5,70570530052.8,12050448081.6,7904918393.1,116505539223.7,108866240274.6,73549205266.8,98479781366.5,17970999839.4,,19763367609.1,,142389651029.0,475518171675.9,8193366972.4,22953534423.5,17238618348.8,428927088.9,2113502029.6,18333708634.2,4659652464.5,38467088092.0,,291188749.4,,766084561.1,4763248268.9,3654297383.4,2546422966.7,204146618941.7,6797818017.2,5636041535.6,231800534.6,194304203.1,41038099975.2,435889447921.0,,25537812220.1,17206774508.8,129899079724.5,32174405287.0,406295764.5,125045334156.1,455667428.4,437296399.1,3108497520.3,7120836024.2,170766641061.2,30045885685.3,12740664732.3
2019-01-01,2661685956.5,64446155980.0,9556855648.5,281723792002.3,11884488146.3,,15840362634.9,593889381.1,3877755764.1,3686905203.1,57094167969.9,40501402414.8,13231145802.7,40734118642.4,1377529086.7,14301150537.3,568645874141.1,2703804731.6,1565096393.6,887586414.7,2114162881662.2,19816398560.3,12849396624.9,5617843790.1,5379079715.6,138625436538.7,265687364.9,1821219111.3,29800758229.0,,2552579803.4,282940980.0,38396262855.1,5492302707.3,51883469835.5,115079584155.5,771710773.6,28374718501.4,1344060627.0,,7198927676.3,18756971467.1,26738836501.5,2999682895.1,712541774.6,611218114.4,,525667644.2,25034633158.6,1530459137.7,9744777319.6,2213887988.5,402106449108.8,560870595482.5,4855393068.1,,18576584889.2,33481611279.1,158958005233.4,34941393887.9,8448338537.4,15329443357.1,,16701083150.5,73893126216.7,1296390617.4,,638927013.2,56117855647.0,935870653.0,55058242774.4,7523711270.2,4065354125.4,2679184642.9,472378122351.2,,8986250457.8,5104405564.7,11119585996.1,8339382593.6,31649904769.5,20110335952.6,5369750057.0,18162452892.7,2428679899.0,,,3608754288.0,60047046402.0,11680507308.1,6513481342.0,107900777493.9,107415987705.1,64247279473.4,83617256190.1,18744676569.0,,16387629382.3,,118298177700.6,484240497644.5,6514940151.8,22264288832.6,15138559758.4,350464708.8,1853041456.8,17379449891.6,5621339497.2,32560157793.4,,251643225.5,,630306421.4,4590239653.7,3313206994.2,2010066450.4,179772659996.2,6642228623.6,6515849191.5,203400669.6,186483847.2,39380531674.7,440772959820.6,,24163852053.3,13971124695.9,123921285219.8,22406619847.6,351677245.0,117337158772.7,441265525.7,408555300.1,2428181897.8,7055218065.7,185357003620.1,27726254062.8,12244515423.5
2018-01-01,2678760424.2,63217528196.5,9875849866.7,277827278079.2,10725730268.9,,16211029569.5,584975019.0,3585946329.5,3317745777.5,52138401714.0,40103457338.4,13253889164.0,38767563257.0,1348898447.4,13248377783.1,557742529191.2,2551977085.0,1782037130.2,824970472.8,1961528186354.2,16184569403.8,10925807437.9,4955691893.5,5220894528.0,132964924337.9,244985939.8,1767451777.7,28369279758.1,,2321379194.7,283303809.0,33564082651.9,5710413690.0,44943859423.5,100186063063.6,791199901.6,27842380882.8,1245387658.2,,6811278682.7,17326170640.8,23173792492.1,2589224549.6,687760236.9,520702423.3,,554451757.1,24274930210.1,1607000663.7,9167107328.2,2219747746.5,379588979497.0,521030395277.3,5773699803.6,,18380699500.9,31925236670.2,156979029654.8,31413700215.2,8157842611.7,13532957757.7,,15377362122.2,79650131632.7,1163396935.0,,615495530.0,52919692662.2,903648840.9,50430740344.6,7440416232.0,3730156549.6,2339711918.2,455828098481.7,,8666432372.7,4631345661.7,10684513512.0,8027011402.5,29788573487.9,18678707681.4,5225505427.4,16112456258.7,2265713574.3,,,3197189023.4,54202577784.6,11678842287.9,5510938186.4,99238383002.9,100310977753.7,66769271405.5,78960680575.5,17723605372.7,,15799216059.4,,112546911481.6,471884966126.2,5681082350.9,21529048699.8,12681119863.8,323533174.2,1754673893.2,16724734483.9,5558434812.7,31471262854.9,,252602291.4,,511324121.1,4583582193.9,3242639042.8,1719584007.8,172494315942.3,6088752240.8,8159810791.6,158056457.0,186833553.1,35032565217.9,445973315161.3,,22351529524.4,12315104975.9,121090690591.9,17735675248.4,323345869.9,106854495774.0,402236822.4,427480190.6,2325736286.3,7036509959.0,174094000763.8,23526271048.8,12620123760.0
2017-01-01,2751986638.9,59175902494.2,9801454504.1,225925335186.1,10228295738.5,,15300924031.7,606820362.7,2794440257.3,3166766915.9,46819123464.6,40989144703.6,13028529320.1,39584221158.1,1338924309.2,12990057752.2,543000326110.9,2607949876.9,1741386786.6,762760558.8,1704516192888.5,13449134231.4,10073207229.5,5083895441.8,5513707790.3,125769055081.7,186606215.0,1789970312.7,25615909360.8,,2266964232.8,299719824.9,31155812951.6,5706735537.1,41158716635.5,84722482199.7,820766657.9,26169980394.7,1267715373.7,,6499313033.2,16423920739.6,22212841567.6,2388386753.8,660865799.8,425024471.9,,561492097.2,23264893723.8,1582078487.6,8741578894.1,2169815133.3,353563845559.2,511472593373.6,6819093933.4,,14808025916.3,30051460368.7,158948966204.6,26929600433.7,8124567543.7,11425279074.2,,14696314072.6,74165438618.9,1122234392.0,,621896095.4,50765545978.7,935953109.2,51023139825.8,6968633842.8,3382076962.2,1515722991.1,444152603804.9,,8544276017.3,4278552577.1,10759099311.3,7218787356.9,27963178992.6,15821707638.5,5241041040.5,15847138721.3,2162398106.2,,,3055084477.3,45780013169.8,11521270259.4,4963402939.1,91660862633.8,93148803468.4,67603581696.8,73098382247.4,17223736382.3,,15928953800.4,,114007964316.1,514279537324.6,5076087515.8,21700605589.6,9820214448.9,376730656.2,1751064531.0,17179362768.2,2833531570.2,31453934635.8,,269476888.6,,653829149.2,4603897926.4,3123892175.3,1645785103.5,161647488029.7,5621789478.9,8650279590.8,124522399.4,193072348.9,33500794816.7,456562176683.8,,21418368689.0,11672672164.1,122699641467.7,16692298325.1,335439396.4,104089991174.7,401420199.8,443075541.6,2504230894.7,7193099657.9,174920789745.5,22954319549.1,12510355251.4
2016-01-01,2596050086.4,57827339857.2,8516222980.3,181638508190.7,9855623087.1,,14590007638.9,602774776.7,2258065494.5,2863797381.9,38480571897.7,39994027753.1,11630871769.5,37515947697.5,1290298702.5,10994252972.4,543257228545.3,2289670352.4,2126448971.8,735399666.2,1413804345434.8,11457186653.5,7890233642.2,5021565632.4,4874543671.1,120658527944.8,179966571.8,1551733555.5,25562670955.2,,1702240895.4,300168362.9,28291425524.5,5462929063.8,35378111194.4,69163941956.8,797254598.7,23396100284.1,1297960843.0,,5336059263.7,16320114022.1,21058602291.6,2217811578.8,527088062.0,323345883.3,,622125784.3,21129829604.4,1643860201.4,7614296900.4,2167818423.0,318942066410.3,455502090498.9,6058410415.5,,14127210394.7,27110465347.6,163488458648.4,21037318124.0,7972109924.2,10059535399.9,,13535138628.7,69509159841.8,952648609.9,,543662556.6,46661458616.2,921472674.5,47614177158.1,6222242082.0,2975696861.1,1221999437.3,424268116300.0,,7512963879.5,3781657117.9,10106905264.5,6220223867.3,24612081479.1,14205408236.9,5080228847.5,10464134314.2,1847005075.2,,,2529185628.5,35717779488.9,11035455282.7,4297388214.0,75039343005.0,89440297342.6,69612783913.7,74742411561.0,19247283289.3,,16227686956.1,,96117936188.0,529275173047.3,4318716827.6,21091694446.6,7534426005.9,263838572.3,1627108061.8,16566778003.6,2744666127.8,28326797867.7,,248286227.4,,499435854.2,4367932030.6,2867303800.8,1216414987.6,139220295850.1,5181124718.8,8167364609.0,80907571.1,174411669.5,28827327849.4,409420947718.7,,19435911410.7,10086179673.2,115004114303.7,15493632387.7,333532529.1,85664366987.2,293420900.7,417456880.5,2124776279.7,7062871730.7,143967019621.2,15220653707.0,11464935181.2
2015-01-01,2596917266.2,49254143994.6,8447046910.5,177184603465.6,8831021220.8,,13318815776.7,625980607.8,2170779292.4,2675691899.4,35966557144.2,40378595624.5,11614129610.0,38257921211.1,1279832151.2,9895204080.3,543397356309.8,2011104022.8,2236640614.3,730294678.5,1333777000685.1,11387731266.8,7304904667.0,5327954207.4,4994179149.9,113363407932.3,130562671.9,1550185095.0,23588779506.4,,1227496569.6,317214934.8,26727445939.7,4671321212.4,28401606811.0,49846045120.1,873287801.3,20443253424.1,1232759435.0,,5119456818.5,14874617981.4,20073270363.8,2036847915.1,534740811.3,340621587.8,,601161099.1,20378217942.1,1636917068.0,7626993493.8,2096138364.2,307749361569.2,478825585025.1,6455859301.0,,14134200975.2,25598481274.6,153179602966.4,19761669155.3,7720317460.6,9436048397.9,,11641678829.7,68219052512.0,839147458.6,,529980934.5,43925393891.1,921428686.1,44375744031.5,6094646557.5,3006714077.1,1006244803.1,426913933055.6,,6766734551.0,3683855295.8,10292778155.4,6272671727.0,21953024493.9,14102008575.3,4993494071.2,10325026110.9,1721202630.8,,,2232053189.7,32413453871.7,10538153717.4,4142916401.3,68599322739.1,88501170628.5,67186181291.8,76260795488.2,20386681359.9,,16362224792.4,,96449761850.7,485704137727.2,3451961693.0,21401429540.5,6800442377.0,207462428.9,1558279901.7,15570377313.2,2770590306.7,30260552576.6,,241714644.5,,382102519.9,4419183536.1,2806023684.0,1097348789.7,132186050433.0,5144065083.4,7003746694.1,116733681.1,184338819.8,27487161065.7,399948917893.1,,18144771370.9,9570705817.9,117455373266.3,13444649270.5,343937309.5,77831785088.8,256793136.3,437424621.0,2158469237.4,7298886699.6,124736936326.3,11778536162.6,9645408948.2
2014-01-01,2529865267.8,46456046425.5,8512452310.0,153793761987.6,8555656187.0,,12097565023.7,690167126.4,2041600834.0,2604724832.9,32665575354.7,47074927807.1,13082372491.1,40013829087.7,1286357300.3,8884014490.4,556919631071.7,1841155641.3,2499532552.1,661591243.0,1778390716290.5,9805804583.5,5765541169.1,5481886984.1,4868610263.9,104603270439.7,141753606.4,1550676370.5,19722088699.2,,943103980.6,308231897.2,26269413480.3,5521103961.6,24992726036.7,41741489490.1,906782925.5,16944825499.2,1291245045.4,,4657695158.9,14157391179.6,17836622446.7,1838321585.2,524210916.7,291335396.1,,637672103.3,19511836131.6,2341948615.5,7369414615.7,1951930399.9,292565196460.3,457507409077.4,5817911004.0,,14142165820.6,24125234088.8,157697564867.8,16888188081.7,7286979592.8,8318518444.1,,9640196172.3,64454510032.8,681478405.0,,537109187.7,42262761571.6,890476478.4,43120469209.4,5851136268.3,2962333032.1,1104553870.6,442425894708.7,,7232874195.1,3443512869.3,10243561350.0,6620393969.5,21200471937.3,13288301758.2,4531578245.3,12780768880.5,1666540756.6,,,2005427470.0,28628765477.5,10125541288.8,3980972649.0,64184147243.4,78034041164.2,67907395747.3,77161512901.7,20428666793.2,,16467482773.0,,111824344879.6,553102745561.2,2909860018.3,21773895615.6,6630427579.2,187516688.3,1433234602.8,15168975769.4,2837118511.5,32114239790.2,,227700644.6,,414081524.5,4608449443.0,3724335781.1,1022442328.5,146033719707.9,5123647136.5,7360924924.0,104305452.7,195924377.2,26936706203.8,406061717252.3,,16217769213.4,8651413817.8,126816910096.1,12108872380.0,340847124.2,72453401721.1,203273624.2,450183948.9,2242255049.7,7723142216.8,142430471183.2,9191819836.5,8356267492.5
2013-01-01,2587774889.5,44072816708.6,8647043653.8,150225029637.6,8681090933.1,,10573141206.6,683609365.0,1998529555.7,2638142915.9,31507130279.7,51652241448.4,13780023315.1,39573470267.5,1248681044.2,8141786946.8,483765362833.9,1528150602.3,2388280380.5,597605441.3,1480489123608.3,9855282186.8,5177990626.2,6132474131.8,4281838348.9,92639778394.9,147531331.2,1492658762.2,17134573111.0,,820599933.4,309862673.4,23957824116.7,5245600941.0,19080452491.3,46501579104.5,943357521.7,12584252082.9,1284885600.6,,4834619861.8,13603272482.6,16115213470.2,1674860052.0,551453731.0,279035224.2,,586831029.3,17484024518.8,2302019600.8,6867621206.6,1569393195.2,263643564688.9,427245080644.8,7013040853.2,,12950945321.6,23003167470.8,149707828668.6,13750968310.3,6815112968.3,7619373556.1,,8190446369.0,62103209375.0,530778316.3,,479336061.9,39314573733.0,902056102.8,39283987902.0,6204086709.3,2939311490.7,1030147385.5,406238589780.5,,6736820574.2,3430357747.8,10199558986.4,7196554629.9,19186554569.8,12769571660.5,4522469174.2,12417327884.6,1566325146.5,,,1983411850.3,24482376278.8,9685155852.8,4012913595.5,60064355293.4,68348318188.6,63547801599.7,66192652609.9,21609688499.3,,15697471915.7,,123953721302.1,668513129019.5,2314566336.6,22500007302.4,6355610335.9,203970834.5,1399721061.2,14131937575.5,2938897190.3,35636907715.7,,216430128.5,,452281408.3,4765861035.7,2910547099.0,925609595.3,151652727277.6,4862292910.8,8278943945.6,89494700.4,199563005.4,25762511561.7,390350027972.1,,13983646684.8,8559917407.2,146636254044.8,10273587346.5,311721425.8,65483934093.5,158471649.6,447232337.9,2220795158.7,7688886486.7,141545745464.3,6292315917.2,8415958848.3
2012-01-01,2580631877.8,36856294099.9,7384500626.6,139877660191.7,7640566738.7,,10826841366.0,667315097.4,1673186228.3,2588639401.6,28282400905.3,51428609097.2,12998247050.4,33755737465.2,1196360888.6,6617099971.6,440515187632.7,1449649049.9,2526374996.0,577189130.3,1148178860069.5,9543211323.6,3887910776.5,5615753343.6,3695823283.7,79246354929.0,252330024.2,1248581306.6,14310369555.7,,802430582.8,304779240.8,22101553440.9,5515687723.5,16249104507.3,40028196098.1,990937207.5,10463932699.2,1270343618.1,,3253510718.2,12624714164.4,11992686632.0,1335518791.6,541820520.3,278030081.1,,589257177.2,15367094556.4,1974229280.9,5086125313.5,1163440488.7,252622872897.3,392576047064.3,7481952279.1,,14308795713.6,18298331768.0,135531190779.5,11808007308.1,6035847044.9,6749331006.3,,7422652822.1,55722810007.5,487153109.0,,432707431.4,35735941876.0,877145936.2,33878312900.9,5320131158.1,2993481414.4,942036987.1,349275996310.6,,6469415528.3,3049630914.4,11301801869.5,6175932507.5,15567563612.6,7135928646.4,4277706212.4,10710601185.4,1331154479.4,,,1784589579.3,21466867764.2,8904175149.7,3809944151.4,63644665492.1,61429104400.4,61628879000.2,69363640826.3,14922491219.9,,16046077317.9,,120825838959.4,591836363719.5,1814534884.7,21822049522.0,5974957434.4,228147130.5,1335289493.1,13548206208.8,2940491562.0,34361116041.7,,203498251.7,,485253652.4,4748532173.1,2346579692.1,749452534.6,148243531120.8,4619372232.1,6547850842.2,76035317.8,197996953.7,25399767555.7,338827276892.9,,12039158209.5,3776142287.5,133747127021.6,8574558505.7,288060587.8,61612717255.9,182211942.0,422904446.2,2002395891.2,7586177348.9,147887766422.9,5721666853.1,8886963329.0
2011-01-01,2485331046.1,34370523283.4,6484194296.1,142884643038.3,7410792665.3,,7687663765.8,604409004.8,1864410779.1,2340756088.6,27046084648.2,47739502725.5,12345114956.9,33932546340.5,1274688747.1,6181999152.8,404046105342.1,1070492249.6,2395188968.7,571183516.3,1054226064017.3,12791036139.9,3094521348.4,5473720855.3,3240730363.3,76162726605.4,275725988.2,1041231867.4,10271452441.9,,769520335.7,280448697.4,15097329632.2,6053727067.1,16167801266.2,35175105537.6,1050966567.3,8606311904.7,1355509517.9,,3196111717.5,10817606103.3,10411713579.5,3204289165.5,506226594.0,279738302.5,,532309611.8,16281345423.5,2006674225.0,4419294950.2,775845587.7,219629383247.4,334399298473.1,17260291984.0,,14331877940.2,17477930466.6,124330240756.0,10019616788.0,5493240304.9,4655287804.0,,7081958070.9,49664375022.5,448440322.7,,455833314.8,25795379781.1,813623741.4,29967987911.7,5216932920.4,2867388363.7,881963777.1,291784441992.3,,6131371643.2,2911734915.1,11107356006.6,5524651521.6,9629415055.9,6255147201.3,3742969896.7,9968039931.9,1213551485.4,,,2213013664.6,21003387146.0,7938152810.7,3826237147.3,64717183245.6,57055801275.2,45012107240.1,66105955899.3,12584089527.7,,15580878833.8,,119601149373.9,544355500577.8,1460707197.2,21180844800.1,5368568099.5,257503829.4,1050427525.8,12729163388.5,2940364939.5,31657124951.8,,229714903.5,,628847981.8,4980444783.4,2331368590.1,624820833.4,115440130154.4,3922103878.3,4296648711.5,,191201692.9,22836117770.0,305569521865.7,,10164414029.9,3262582093.9,137133975946.7,8211750652.4,304058669.5,53925029239.1,178444531.3,368308475.7,1699829128.6,6429107186.2,119067999273.4,4968061660.0,7392832734.2
2010-01-01,2435844906.0,26795572704.5,5436572731.8,126642436908.2,6307170668.6,,7251435122.6,620923162.0,1596498354.5,2180499861.0,26571755072.0,50697349714.5,14289296947.8,28412146648.8,1303876871.3,5776504655.7,352364412862.6,934629272.1,1806938426.7,634315034.6,742755776609.5,11703427489.9,3190178368.7,6136642481.8,2847223602.2,64432098617.3,278373937.8,884596455.5,8154409880.2,,768541095.7,271398373.2,13498619112.4,7252969908.9,15377007843.6,36775092025.0,1037276233.9,7286199658.5,1107442022.4,,2928709658.2,8790390910.4,8365239757.3,3245354176.1,548018337.4,1096724105.9,,560589966.8,15043073564.1,1408397852.0,4008010903.5,959066834.3,198278352695.5,290427544563.2,19768742370.1,,14193367149.2,16894215040.7,119150770510.9,8862420008.6,4118497688.0,4010466367.2,,6553667990.7,47818873949.1,418851731.0,,584783262.7,21684210688.5,788060174.8,27295707254.3,4724734887.4,2755972130.7,916604218.6,245906482290.8,,5159228792.2,2445857779.2,10164185793.6,4521905550.1,5928348234.1,5936245292.6,3556481608.2,7928681896.2,1020774253.2,,,1533781918.5,18821584008.7,7017467446.6,3787483271.7,63097816817.5,48882069159.4,42153893573.5,65349965129.3,5987009775.4,,15902555799.3,,115392643494.3,417886400642.8,1233314075.5,22322844218.7,4942685135.7,230756584.9,931127139.3,11495710496.5,2934384056.4,32907137502.0,,181091117.6,,721594409.0,5276579226.5,2157554831.3,1279093104.8,106357878658.6,3561185320.5,1682020478.2,,153652255.8,22666098009.8,300869398758.2,,8937227659.9,2974602244.9,124526897803.9,7980789781.5,295920078.1,44940152217.3,177656192.9,325098258.9,1455549979.9,6504445072.0,108428877747.4,4252910523.0,6762812617.7
2009-01-01,2480214113.7,20277281252.9,4605163641.8,133695121247.7,4934959249.6,,4548547549.5,607230101.8,1325336572.4,1939710438.7,25377795050.4,55682965449.1,14005774333.2,22078685409.7,1291168230.7,5780325836.3,281651138432.4,786548880.3,1643300883.2,550619216.0,454515403264.5,14895852333.1,3237320906.9,13093038536.4,5051234770.7,53678222227.4,286766514.0,724582325.6,7760168636.8,,898678026.1,271883558.1,11853860787.9,7414292616.4,13366010557.9,35397684322.4,1050653956.3,5360207433.9,1067927268.5,,2725272930.7,8672797229.9,6610060990.4,3232022941.5,528190671.7,1132235761.8,,556610998.4,14824423718.0,1427924569.8,3835948442.9,1448420667.7,179404705351.0,256312241333.4,18609984963.8,,11123704259.7,14269772267.4,109741327702.3,8563487623.4,4118812292.1,3303650951.5,,6383404582.6,46139751147.2,1850279323.4,,438816167.0,19504201128.0,766529460.1,24725387884.3,3715120838.6,2846880423.7,1383451322.8,193342945969.3,,5246917723.5,2194275979.1,9495368311.1,2356696742.8,2987825936.4,6087509724.7,3141949629.8,7318907627.9,1144449860.3,,,1248816310.1,19285647639.8,5923375456.1,3777036974.1,56634414352.8,45601302940.0,37389855104.7,55976153264.2,1768982572.7,,13941379381.7,,113615499046.9,406462229699.8,1101366314.6,21112640260.0,4740018539.7,172447071.6,856852310.4,10405779193.0,2943660874.7,33809169778.7,,157000836.3,,533915622.0,5688619010.7,1874374207.2,1723149567.2,80824068117.8,2666229139.6,803881172.3,,114892400.3,22911905181.5,278829978028.0,,7774208715.6,2763176528.1,105305698734.2,7290539348.0,246043909.7,32741968017.7,153308882.3,252885686.9,1725715832.4,6799196018.2,80018268049.6,3646364120.4,6156585166.9
2008-01-01,2143951791.1,15596027678.7,4256899002.8,129752184881.3,3612490093.0,,4490454221.9,1390288828.7,998180197.5,1595393923.8,23346917708.3,53067247242.0,13108605424.7,15152844791.0,1275782808.0,5701040187.5,262957236462.6,693075804.2,448508779.9,998708752.1,386445623554.0,12967578597.9,2835553588.4,12296407089.8,5394688716.0,47039916554.3,276201185.1,626140970.8,8838788690.4,,845231817.3,260470785.8,10609348066.3,6240543720.9,19022237670.9,33911646196.5,997784245.2,2846424291.2,689116436.7,,2500884813.1,7721515061.9,4718475855.8,3198361393.2,401850387.8,1103242943.1,,538874448.7,13823078747.7,990493994.7,3517193356.3,1964488511.2,157916194612.4,227111768434.6,16026650174.6,,10437770844.1,13818923250.1,106738597246.1,7671116765.7,3628104689.4,2648360714.7,,5653261689.8,44012127490.2,3160827104.1,,837871627.4,16320821885.1,700047301.8,21004994745.6,3724452934.9,2533049972.1,1147412938.2,197671888870.4,,4337470537.8,2039414300.8,8957289205.7,1502099048.5,2185574928.2,5579195369.4,2850445607.1,6514858744.6,994770539.4,,,948320310.3,16472696892.7,4718042360.2,3696697651.9,49798760897.7,44782347180.6,34719588729.2,58261783057.5,1436380431.4,,12520045510.3,,99447360366.5,419311363943.6,928908920.7,20335215853.0,3675195535.8,166904390.6,633810297.6,10688436435.5,2865716564.1,30493346800.9,,131728912.6,,485123482.2,5388704719.0,1802465168.1,1638757942.8,66618742797.7,2497045162.5,817830560.1,,98959554.0,21564744179.8,290571661393.0,,6058968074.4,2292861399.1,99522725087.1,5070478524.9,232179973.8,26497616052.6,148880846.8,207365268.1,709873305.5,6228636614.0,72188313506.7,2954822651.8,5820324001.5
2007-01-01,2023034713.1,11941803690.9,2966604307.7,120818039247.5,3081934925.4,,3899058336.7,1409730477.1,902675890.4,1477350233.4,21523544177.4,43822454674.9,11568599660.6,12526106963.9,1075497698.7,5064781761.7,238444452622.6,801238273.2,425189546.8,1029858389.6,377773902515.9,14385487798.1,3085552120.7,12459468772.6,5281147795.4,44323265169.8,287667291.0,580579758.5,8410942483.7,,810010699.4,265526478.1,10747913578.6,6130383257.9,21108482826.1,34594605133.8,896724741.4,2591387173.4,397932776.2,,5145189248.2,2986949884.4,4298139557.2,3305381166.1,700067929.4,1095302823.2,,487671808.2,12678187392.3,848663074.1,3010680924.1,1601590631.4,147827337604.3,204057539299.5,20834072180.2,,10530735850.5,14862495842.8,96240591774.7,7549036617.4,2878747157.8,2248479410.3,,4987662711.3,25926510953.0,3777967270.2,,481016076.9,14161321567.6,685484471.5,20732183141.9,3365279030.6,2332269180.4,771851912.5,196080704340.3,,4174062767.9,1834424565.2,8067206719.8,1299340650.2,1743771481.3,5215177083.0,2568568273.1,5673170871.8,868946321.0,,,1090578795.1,15488724676.5,4113792029.7,3613195511.4,42276957660.5,9369795700.2,32239012465.4,59170382966.4,1530876142.9,,10714075892.8,,84381083204.9,416328308281.2,619217476.9,19796609171.3,3203361874.7,178330553.8,551066958.2,9864898765.1,2868829766.4,26211637916.4,,166187260.3,,506290143.6,,1848756646.9,1967192421.0,62779007038.0,1348486856.0,877831145.5,,96867967.0,20688545831.1,260028249562.8,,5057655620.9,1653066727.1,80811501426.6,4655749674.6,201948941.4,23135389256.0,127898893.3,187694141.1,534737934.6,6155419537.5,70956054578.1,2733123476.2,5818491939.9
2006-01-01,979344507.8,9905180985.8,2517100832.6,118921233033.8,2138883502.7,,2796572673.8,1371901889.5,660190318.4,1142927904.9,20160932717.1,28007279111.5,8616906730.2,6562099699.5,1054232125.7,6255767963.5,194303018016.9,721112613.6,364731487.2,1049101554.1,326444757564.3,13644008874.8,3418558775.7,11326304418.6,6685623799.7,38621303304.6,293423707.0,524173293.2,6993562813.7,,566640519.7,272826815.0,9219827515.2,5899284213.0,20385516556.2,31025131832.6,822735305.2,2220991208.6,373224464.8,,4381593459.6,2573385096.3,3699920203.2,3158729938.3,717772695.0,1050373767.9,,452574948.4,10946171835.0,1163165911.8,3987694941.5,1416972000.4,135970010956.9,159525518911.4,20494226261.2,,8121063793.3,13856775214.9,74438311787.2,6691670449.8,2596155992.5,3033315872.6,,3805627505.8,24225274178.3,4191788049.1,,375696061.0,11853449200.4,657437143.1,17996441932.0,2622104183.3,1526991065.5,553705510.9,170608371156.6,,3296991429.4,1588515163.2,7518933305.0,879825840.4,1494391223.0,4819165357.3,1560130846.4,3504181954.6,870594215.5,,,760592818.3,12961870578.5,4190303477.1,3402732071.5,37404713800.1,9519917247.1,29295983199.5,57591538397.9,1754570834.6,,9565284908.6,,53980696725.0,311276773723.7,433571511.0,18486143553.4,2153193708.3,174423711.1,1528631481.5,10004564795.6,2762438309.6,19885774045.6,,351558074.5,,468317264.6,,1757290878.2,1794483965.1,62493469252.2,1060790372.7,991050916.5,,91618892.9,18811540907.9,211039504420.9,,4117816817.0,1300697179.9,54269247857.6,4513825291.3,243484201.0,18752446327.7,110583704.2,165440757.3,83296240.5,5713770653.4,56615273854.2,2255759667.6,5007797820.3
2005-01-01,,12238371900.2,2126166749.1,130788488210.2,1969824792.5,,2247015897.2,1287893069.1,1557801170.5,2011339006.1,18503086016.3,18507353591.6,7007652582.9,5300175946.7,1023162269.1,6967641266.1,188364545589.9,656602174.2,460538960.4,1044778987.1,285883878856.6,12010684931.6,7700089817.9,10683990345.3,6294723995.9,37497341480.0,288623246.0,477481514.4,6485430911.5,,486891630.5,294216801.6,7751825568.3,17082006705.4,20423092328.0,30575696632.4,757208868.8,6175805430.4,302666509.7,,3996271846.4,2151260501.0,7334787205.4,3082308084.2,667068110.3,1025672668.4,,362225849.5,9506426234.1,1238833544.5,5170226183.5,1333931157.9,142131795440.2,121195478444.5,21393520935.6,,6627422418.3,12766664121.9,43861793757.3,6489733475.8,2256599326.4,2934613692.7,,3278601893.1,22787014776.3,3950580336.9,,422787032.2,11300134209.5,666293758.5,16304189232.0,2219300777.2,3525441335.7,362336487.4,170823243951.4,,2981490108.3,3179620387.7,7177918756.9,,1396369453.2,5991524360.8,2281454208.9,3631519806.7,3195998422.2,,,1961937154.7,29099132314.5,5011294159.0,3189016423.0,34236700207.6,8693825729.0,29513668636.0,58687841834.2,1870906689.6,,8302216058.4,,38884059951.0,249832035581.0,1526467033.2,17579077748.4,3861745159.0,167389191.6,1804606614.1,9621574748.3,2672234285.5,16159378880.4,,335612441.8,,520294300.9,,1629647073.8,1686929449.6,58466721297.5,1116909976.5,1152800557.5,,89030079.1,18026851123.5,173601963818.1,,8435259794.2,4460499217.4,35100157138.6,4631813975.6,252622855.6,18593542977.2,100347467.5,169098029.9,79136411.6,5477559319.6,42352265582.8,5370071043.4,4537795992.2
2004-01-01,,9801188917.7,1603744698.8,167999635827.3,2107914571.2,,2169229387.3,1357933155.3,1618065354.6,1944506311.9,19714073691.8,16620274377.5,5517180308.8,4601438650.3,965854392.5,6284467791.5,220693592600.6,601316819.9,515796292.8,1116732591.6,247387639368.6,13178855340.3,10855782708.2,11524216857.1,6834196169.1,38237909040.2,304262777.8,464179206.7,5710643831.6,,460336601.1,324952433.0,7818993970.6,22415754059.3,20622972717.6,31403286339.0,760244436.6,6568177206.7,263742090.4,,4125262157.2,2316620171.1,7239727088.5,3215975090.6,681059472.1,1117785117.2,,429599096.4,8094354233.7,1368422040.1,6205542461.2,1284484871.5,138041813871.8,123644485822.1,20950347846.7,,6553560517.1,12895197668.9,33233124794.0,6916593410.5,2560865743.3,2890524251.2,,2949489392.8,22804031551.0,3862478049.5,,362713778.4,11600420988.8,773436561.2,17079479926.3,2114078919.5,3824731184.5,339687013.4,165905776664.4,,2829112500.5,3272986411.2,7706257381.2,,1593614529.0,6096030778.2,2299558089.2,3329382750.5,3443607862.6,,,1975337918.6,44559883685.7,5096750020.7,3366391763.1,36534987443.3,8431382637.4,31742552289.6,61142718543.1,1769749010.6,,7376893644.3,,29689407905.6,214206935067.3,1670716289.3,18376488692.0,3940274903.8,179639740.0,1683344084.8,9147790266.4,2775888430.0,14562774444.5,,361057555.2,,463598561.7,,1652257599.8,1838337733.3,58416708560.4,1166678857.2,1815782395.5,,94356377.1,19666798758.2,159621568696.3,,8640785964.2,4789438348.4,32109497693.8,5204729495.6,228632793.9,17631234906.8,153931970.5,176496322.7,85987699.1,5603364949.2,42612889235.8,7540236739.5,5029952579.1
2003-01-01,,9114598189.4,1550382967.9,163442688409.3,1996130970.2,,1941119870.3,1348337839.1,1483862655.7,1757847852.1,18440377575.4,14259733783.4,4484507657.9,3779551001.2,1061730342.3,5864138345.8,235907984168.4,493626169.2,514126449.3,1064243826.0,207210768367.5,11680518563.4,11408147625.6,11433512788.0,5537629589.3,37324166936.2,289991668.2,441401882.3,5650888483.3,,395630618.8,307393729.2,7276848800.0,23769718848.8,19967129789.1,30467606765.2,656094138.2,7281813432.4,258131310.3,,3806803406.1,2148630818.2,8301000837.7,3174936864.8,643387382.1,1068441068.2,,369076336.6,5157578025.6,1454158541.9,5656942754.9,1364909986.9,134372632167.3,118884622369.5,14235372770.8,,5726989401.2,12492626260.3,23226790596.7,6715084650.7,2148372909.4,2681720223.1,,2506301750.6,19045277128.2,3632799616.2,,338775693.7,10725993550.0,705761420.2,18336911799.5,2116536512.5,4979583730.9,292920063.3,158672304324.5,,1889308246.6,3058861293.0,7436375927.8,,1544708956.9,5512105010.4,2318671111.4,3225477013.1,3111209644.5,,,2149675773.7,41114859871.2,6854198401.8,3213264260.6,36643578223.4,8286475087.5,30221849065.8,62754158523.5,1863354062.5,,6798833897.6,,22739460915.4,185905051377.9,1555052246.9,17322489066.0,4397912285.2,181240395.0,1575774381.1,8616503266.2,2762599394.4,14259748378.8,,339959178.8,,453448988.2,,1539456754.8,1731925829.4,58452984709.5,1272329032.2,1916765263.8,,93415984.1,18111591847.3,144076069901.7,,7331000393.2,4577712717.6,25866011946.0,5321596556.6,199272731.1,15592997724.7,161146227.6,168610857.8,82275800.7,5480632068.8,37929135088.1,6874311297.9,4679515355.1
2002-01-01,,9119036718.7,1180426821.7,148320192549.3,1719549290.3,,1691663802.9,1232214637.4,1617365355.1,1564526409.9,16687587182.1,12313486729.7,3166667572.8,3399007710.0,849529037.9,5107005795.5,231944181034.5,386049931.1,491350071.0,1083576140.7,185496990287.7,11708673980.2,10285903206.0,10051613856.0,5012243895.3,33581481521.5,270536977.6,387894289.8,5070865565.3,,358712496.2,248883164.5,6574924040.6,23038017583.3,19577250174.5,29671747582.0,540750572.1,6552441032.8,211378367.3,,3517028368.8,2034422947.1,7640294825.3,3164480510.6,583707793.6,980940699.6,,372086143.1,4527094223.8,1390166088.4,5491495663.9,1280698138.8,128444200507.9,105741601402.0,8934505230.4,,5608139724.4,13015834374.6,18437239277.2,6095869527.9,1957506328.4,2391328664.2,,3168466117.1,17509147494.3,3293838967.0,,293240194.2,10122942033.8,712577931.3,18103630098.9,1964800771.1,4543888332.4,269846875.2,157273704962.7,,1685422711.4,2774307283.7,6706702919.5,,1102129245.4,5186627950.5,2237558424.9,2042535103.7,2900916474.8,,,1847978005.9,35984951348.3,6440411044.0,2997587654.6,33946281999.6,7957910538.5,28445374390.4,60054060379.6,1856713721.0,,3373052129.5,,16781888348.0,138446858475.7,1452031421.5,16131307065.0,4118750354.6,180737376.7,1408416911.2,6114021552.3,2607722167.1,11400905180.2,,333450000.5,,410868440.2,,1276029019.5,1601843852.7,62922110903.3,1254304142.6,2130945860.6,,81495989.1,15492472053.4,129501126015.7,,7166286410.9,4019812753.1,23485797434.5,5140357902.1,175623164.1,13342966639.1,160584256.7,148295167.0,75274464.8,5323448564.2,35098086131.7,6674675453.4,4051468642.5
2001-01-01,,8776917205.0,1154309753.2,152649929432.5,1410424531.1,,1515370497.6,1093536451.0,1478686367.1,1516006603.1,14978802400.8,11274814331.7,2666165629.0,2798732256.7,721979991.7,4794042371.9,229959717402.1,272712510.2,400352880.4,834810718.1,184346625754.2,11620368633.5,9748844313.0,11612181086.8,4820677198.8,36614196486.3,242747448.1,345641178.3,4886538321.9,,299712992.6,232891070.6,5212380882.2,22747999963.0,17805836810.2,28331673242.3,432797640.1,5745843979.0,181389690.1,,3447234061.4,1909485070.3,6860995876.9,2912060903.9,494465870.5,906107735.5,,235652510.6,4381821175.1,1327603202.2,5159558392.8,1285544239.0,132710089751.5,99500093585.5,8280878565.0,,5484756485.7,11885718015.6,15339983924.1,5495276586.0,1823857616.9,2178847689.5,,2585719431.9,13544184075.4,3035970627.4,,258544438.3,8952124828.1,684403514.0,18898737529.4,1790545238.9,4184263804.7,233027776.1,166064500842.5,,1498004031.9,2878077838.7,6092479225.6,,946235061.7,4528444143.0,2251014239.7,867310143.0,2591698365.2,,,1633337031.5,33749025763.9,6387014039.0,2740752757.6,32028738934.5,7809026503.8,27722614292.0,58391331921.6,2047405719.9,,2867285123.1,,12740486835.8,141151650545.7,1299040552.2,15010981050.4,3700965274.5,164030802.8,1256749338.8,5344553477.7,2476280807.3,12478681866.6,,308356185.0,,348534802.3,,1095684903.7,1422893098.6,67296708658.9,1162073154.7,2241509191.6,,71355546.3,12916759883.6,112946289541.4,,6529484896.2,3768195790.9,22209140729.2,5211410616.8,195046431.7,12632834003.6,122663924.1,135466609.5,69583145.7,5187675837.0,25683350244.7,6189776538.4,3738323824.1
2000-01-01,,9763465564.4,1122051223.3,150062928187.3,1018418173.9,,1585215993.3,1125869260.9,1408369540.8,1446330172.4,15600564697.1,12008623065.1,2791207814.6,2620196263.4,629903800.8,5892765188.4,242511685521.8,211571982.8,452434627.4,869008795.3,145936667983.7,12059905375.8,10561281361.4,11804397525.6,4675949721.5,34329248550.6,232285377.4,319703769.2,4692408663.5,,297885046.7,183329449.5,4617977128.0,25461612754.1,17174293325.0,29232716500.9,329696750.6,5516263792.3,194527935.4,,3930290528.8,1825515848.6,6743341663.2,3074719048.7,490095321.7,951834343.1,,199420878.4,3948027445.6,1374473166.9,5616776612.6,1203393476.2,144048996549.8,101131491179.6,8800053478.5,,4827985734.6,11062638714.5,12890152382.6,6147150097.6,1937816109.8,2108290127.2,,2531032369.6,10075046219.9,2836274327.3,,227013639.5,9249848286.4,769689608.6,20789667972.1,1841764696.6,4726029557.0,203023211.5,152557992414.8,,1479940663.1,2981177567.1,6482210337.9,,959974419.2,6680672905.4,2344637631.9,966762441.1,2716150630.5,,,1721127519.8,33514256077.2,6822420902.0,2874494832.4,33093575316.5,6608486066.2,28834463709.6,58445298798.4,2325079588.0,,3106035613.7,,11259184999.4,146665107929.8,1289758077.6,16075999064.4,3653475930.9,156207110.5,1248363708.6,4535064825.0,2477537976.4,11573165499.6,,304831898.2,,333715753.2,,1098899966.0,1445960550.9,79830056193.2,1140676654.0,2627007065.7,,73965562.4,11355178322.9,116799280014.0,,7199694579.5,3535147374.5,13915483185.0,4947978618.0,195077653.9,12841178044.2,112263772.8,139172179.4,72140059.0,5152412926.4,26669342341.6,5811480208.3,3923046654.0
1999-01-01,,10673241870.4,773092900.6,151913800711.3,1022596079.8,,1289063609.0,1153732063.6,1498651602.2,1608245528.6,16449663349.3,11794851857.2,2408825764.2,2703253741.5,416579339.1,5655151008.4,245114967226.0,192034098.7,510191242.4,924194362.5,148851545473.3,13221902540.7,10765384769.6,12155730264.7,5028225458.1,34845494450.5,231531804.5,328538337.0,4215090815.1,,269605349.7,134177325.7,4794696438.9,28203525381.3,19100416764.2,31121616151.4,273362649.1,5572314681.4,203848126.2,,4006728293.6,1851041690.9,7103705178.5,3201340497.5,471742641.4,943385217.5,,137900702.4,3873237129.5,1433536564.9,5583856168.8,1221741577.8,151806502424.2,99779510346.3,9742304899.9,,4034619275.2,8106195546.9,6600356817.2,6524904617.7,1852206783.5,2067765596.3,,2559997882.5,8493083054.7,2588479114.5,,188238652.5,9943050525.0,687190387.9,23059874272.6,1186611253.6,4781749985.1,219239550.1,167974626592.2,,1436805641.8,3217973119.8,6448277408.6,,981029420.0,7390489281.2,2499843794.9,1292869242.0,2757065362.4,,,1716840769.4,29095550936.6,6409337546.3,3027783792.6,34192272492.3,6874885533.7,29361508474.8,58470127807.6,2657223999.3,,3433334794.8,,9110874002.0,180043060834.5,1311799009.3,16205567433.6,4000850002.6,165883917.0,1319225620.6,3762995865.5,2526665894.6,10978472128.8,,321781710.6,,340291444.0,,1109215208.5,1538399193.9,96903100977.3,1373567363.8,2732208441.4,,78049432.9,11912144319.5,101784260989.9,,7917712561.6,3537939246.8,15753044628.1,5310161203.5,193802389.1,23328780655.5,87977202.2,148001778.4,75993698.1,5132268503.5,25719811079.3,5953049690.7,4422335856.0
1998-01-01,,10784076259.7,623592791.8,141504501057.7,804242112.9,,706603152.3,1121825243.5,1445070720.3,1470373375.7,15507392996.3,11404629614.5,,2386480834.1,333460184.2,5688227905.2,241998415763.8,171042023.7,532169048.7,918825268.8,144233003396.4,14851815127.1,11317978713.1,13192158065.4,5100294660.3,33420800455.2,229844128.3,246754113.6,3961189288.2,,279286678.7,113898854.9,4473713207.6,30686949509.0,18513032219.1,32347186890.4,146136192.0,10360532218.0,140365632.2,,4430828795.7,1648137048.9,6969089358.3,3537648065.5,459520620.6,973399599.9,,172158149.2,3691416630.7,1480883510.6,5100413863.0,1068532781.9,151484839252.8,98333648294.5,12341638353.4,,3952122370.6,7560990588.3,6074807301.8,6823161838.5,1505065681.0,2001835074.1,,2459333771.6,6973464912.7,2561185367.6,,184359352.2,9057333356.1,688207826.7,23656729840.6,1070923032.0,4393975739.9,193599922.6,160179820334.4,,1489949981.0,3204812997.8,6113503813.6,,726731457.8,8393755739.1,2389022769.9,1281160960.3,2438886276.0,,,1686927568.3,30313714707.5,6379424177.2,2668527138.8,32310194703.8,6407340971.3,30581703299.9,53593376356.3,2712134542.3,,2826034207.6,,10107804713.7,175719267829.0,1227864434.5,16843023940.7,4096776592.1,154585730.7,1314139190.3,3310661338.2,2529802081.2,10897975637.2,,258261791.0,,300826830.3,,1029972784.7,1471814621.3,104943991856.5,1228826959.2,2397439413.0,,64879601.7,10845598411.7,96953865165.9,,7513384451.4,3941902486.7,13073030721.9,3372052741.1,136298403.3,22512305266.7,64167377.7,143914846.6,,5778379330.7,26014665566.3,6870434146.5,4686000247.9
1997-01-01,,9948274153.0,516476961.3,128251441841.7,638485619.5,,508060653.1,1068957656.4,1411114792.3,1307801527.1,14257776105.5,11099448177.6,,2082345263.0,450090458.6,5313085255.3,198980293495.1,119619860.0,574727348.0,882958613.1,146911182729.7,15608687763.3,10751459761.8,12326993316.6,5032532283.5,32277648233.6,222230696.3,206529452.3,3505532963.5,,262911137.8,105116658.4,4309979738.7,30896804008.7,18355380902.4,29952913694.8,75455613.8,10090618084.6,158130798.8,,4282600648.0,1465764166.6,6347327632.8,3482426717.6,424645554.3,924085531.8,,116640568.0,3513160298.8,1590512898.5,4943512916.2,1071797087.1,136339703441.0,94059291709.0,11697339746.3,,3825332634.2,7313830926.3,4077953308.9,6465020215.1,1340946373.3,1931499360.0,,2325961460.1,5093689592.1,2406199569.2,,152941378.9,8106316372.4,672950604.0,23501640856.4,1082410828.2,4108929981.9,171332186.7,148844858127.8,,1233573682.6,3152281165.1,5894669147.3,,606210429.5,7659072173.3,2489391257.3,1339677413.5,2225560611.3,,,1588957267.9,28467535604.0,6321398617.4,2413357113.7,30095124742.1,6023868073.6,29724003466.9,50702236608.8,2589508592.6,,2496673813.2,,9636709338.1,128143868208.0,1112854511.6,16326140589.2,3805574682.6,139946900.8,1200047496.1,3203304451.6,2450397710.7,10616369758.8,,238209013.7,,409051383.1,,956913401.4,1344663527.6,109730690051.9,1050335124.1,1866474843.2,,58675998.8,11229245891.0,84719917064.6,,7110106281.7,3907829289.7,11133852083.0,2929383835.4,117721039.1,21830829876.4,48734564.0,138788873.6,,3917093653.5,30633902795.8,6659848622.4,4965116239.1
1996-01-01,,10545818707.6,491994448.6,111145506414.0,520544050.4,,438309868.3,1130746660.3,1377472571.8,1301463551.1,15169074222.9,10368413941.5,,1958924253.1,281542136.1,5275484513.9,181793526989.2,113040448.6,626530347.7,932746933.3,129037039407.6,19523620342.2,11074529701.3,12819900506.7,5220897392.4,29206623223.1,220902346.9,202637635.8,3528323424.1,,287861627.6,116474724.0,4414764302.0,33651326322.4,17448118080.5,31512670142.2,44286454.5,10091749359.6,165771501.0,,4313553814.7,1361321590.8,6442990348.8,3205668193.2,451989840.9,938792769.8,,140689393.7,3414092731.3,1607335579.0,4806522988.7,924237596.4,129003514948.0,93966076365.7,16684178793.1,,4101953169.9,7379761663.3,2922220065.0,6813721635.2,1136989888.4,1916699701.0,,2258225068.4,4019242812.7,2423875945.1,,141571045.9,8298763054.9,701229527.2,24233330915.5,847654629.7,4145801222.5,168205228.4,157582830604.4,,1818417178.6,3006602911.2,5824336419.9,,534109092.9,7603771150.4,2451411242.9,1398985369.8,2311685185.8,,,1554793033.0,31414754638.8,6174328565.0,2397938028.0,29850953918.3,6069859167.5,29032988173.4,43997124267.6,2507363358.3,,2604084334.0,,8454022645.9,127025505816.3,1045357833.6,16971980942.0,3786088622.4,147494744.3,1241837537.9,2872513549.1,2528407325.3,9409821312.2,,235376843.0,,234857815.8,,946588238.7,1487243523.2,112879501380.9,694309400.4,756163428.6,,63805061.3,11379084345.6,80624816759.0,,7344102230.6,3710237065.0,9538672857.8,2390088815.7,122492508.5,26309991483.3,47879676.1,153447044.2,,6399965191.4,26050000159.4,7060056954.3,5077477646.2
1995-01-01,,11502043062.1,458862737.5,98773122012.7,370656928.0,,320987667.6,1161951393.2,1396447482.6,1274258080.3,15734744113.2,10378823642.3,,1693743257.4,255157967.5,5359275052.5,160964228343.5,105769087.6,717153185.0,945983160.3,118314843047.0,18898425486.5,10953419023.3,13229233701.9,6009994883.9,25347081126.7,208925905.4,214117753.8,3857695605.0,,272609469.8,104872376.3,4532953461.9,33048876968.7,17000779726.1,33475216024.7,36689461.6,10324075338.0,183417026.0,,4362737008.3,1240357909.0,5935777124.3,3195139274.3,426068749.7,896864789.9,,128146012.9,3335545326.7,2118471710.1,4910256065.8,837402729.3,124399503875.8,93808975940.1,21681652185.7,,4622579407.2,7660567356.1,3750246013.7,7309198401.0,609470825.3,1854015535.6,,2158263219.7,2975570831.6,2489150432.9,,128275618.8,8395502196.9,684357708.7,23785013677.9,695156112.5,4322004158.1,154866795.9,166734035992.5,,1277120120.9,2958170808.0,6261896664.1,,530709459.5,7499572546.7,2390562998.4,1415082634.0,2238776661.5,,,1603602191.8,34094439060.4,10591398107.2,2409751198.5,30241086482.6,6284254961.8,30911667664.7,39374934204.7,2505573004.3,,2617585263.3,,6832100324.1,122074627736.6,1032504216.9,17816478183.1,3915938299.7,158741508.5,1249606744.8,2569443217.7,2556348054.7,10785293239.6,,245655455.1,,249640731.9,,841874677.3,1474990120.1,100092684586.0,629795000.0,402248484.2,,64114187.2,10819480146.7,73781102423.7,,7370950562.9,3608776798.1,8429952804.7,1801128709.8,118297375.1,25483320390.6,48945486.7,160047723.2,,6250665953.0,25357999878.7,6957808471.7,5080454835.7
1994-01-01,,11292755787.9,883115193.8,75094061335.7,214328549.4,,112814844.4,1127404969.0,1382104403.8,1135033979.4,15490545904.5,9828532996.1,,1296124124.3,198665305.0,4965186858.3,152903103557.7,104507960.6,700397765.1,888050750.8,100667359411.3,17395169456.9,9358516039.0,12311690430.3,5414066741.8,22219527944.1,197159439.1,175919927.3,3971807626.7,,257722565.5,99698516.3,4366328681.9,30239373924.7,18104800381.1,32499139580.0,29056800.1,10079654017.6,196861157.8,,4173198026.2,1450018420.1,5469152460.4,3039874275.2,422977251.4,852536430.8,,130260020.6,3162188947.6,2051880898.6,4792475230.1,758204227.1,107819781286.8,97898626998.8,21792481976.9,,4651072788.5,7552887476.4,2789562086.4,7124419830.7,446758489.5,1743207879.7,,2071421024.2,2126701899.6,2367418669.1,,113598527.8,7960615109.6,622553685.7,22988012254.8,502493296.4,4096453461.6,123524561.1,139914928842.7,,1103614118.9,2694518432.5,6418593347.3,,464445079.7,7305099201.7,2255603797.7,1098541961.4,2021054114.3,,,1542542790.1,33092276818.4,12406061120.5,2320287857.8,27390827116.9,7128839711.3,26596519778.8,40253267303.7,2792345094.2,,2153330722.2,,5601780024.8,122365566099.3,955151668.6,17096156407.1,3697792446.1,154928415.7,1557983211.5,2163863049.9,2500958277.3,11100638781.8,,222778525.7,,240790698.9,,784041894.7,1454418478.0,65596252733.3,577538000.0,431045659.1,,58640380.3,9614053659.6,66249185119.7,,7228012552.6,3397572158.9,5636653268.2,1247180534.1,114170293.9,24855517887.4,45581300.9,154590275.0,,6153597464.7,21670999666.0,6808521300.7,4565913283.9
1993-01-01,,10571384637.8,786033591.2,64681387080.3,133922025.2,,35540000.0,1065645817.3,1270610521.6,1118907234.9,14125214056.8,12177634744.5,,968283686.2,194553505.8,4400366539.0,144599577124.3,96619573.0,663983873.0,875128942.6,86092752669.9,19070886308.1,7745306458.5,11263657313.4,5092940382.6,19227912007.6,185123541.7,147571336.8,3937428106.0,,232491922.3,98251335.7,4957324456.8,26274665108.1,14119666467.1,30651243858.9,,9717488583.7,246248945.3,,3862504189.7,558986470.1,4886542112.0,2767368417.2,425974575.1,789803311.4,,149341231.6,2945010418.7,1967750372.7,4432302415.1,845830044.3,89157126589.4,91330328767.5,23392435930.4,,4425210373.2,7630572048.1,1727754137.6,7111518961.1,292085078.1,1657688468.3,,1986718378.2,1352746947.0,2237489926.6,,100852543.2,6902629411.0,542372022.5,22114998128.9,277649585.7,3804731531.5,112349106.8,131852484881.0,,1041777825.3,2903213185.3,5836105779.6,,387587630.4,5234126101.2,2169793892.4,901101941.5,1826231847.6,,,1574772623.6,30699263745.6,11657293343.5,2003093150.2,24551561529.1,6957894780.3,23650210716.0,36142381235.0,3268510852.4,,1649950801.5,,4281771713.4,112463242743.2,908962809.2,15979632963.1,3843451727.8,150544684.3,1556470569.6,1992942227.9,2381899237.6,12708824729.0,,209813616.4,,228166871.4,,692281243.3,1292462409.3,52717189061.2,382514000.0,276435325.0,,44241811.7,8693836168.7,68604763966.0,,6769309416.1,3052849509.1,3855492092.6,1031699376.2,101713065.0,24224319557.6,40189501.8,140498861.0,,5944866677.9,,6477914987.8,4315417517.5
1992-01-01,,10059207810.7,632621789.2,68605638952.4,,,,1026584699.6,1198996389.7,1039802411.9,13427954471.8,11838561986.7,,,180961169.0,4332374230.3,129535948557.2,89198882.7,606348584.4,813886188.5,72538895534.7,18546521961.1,7514931937.2,10995017088.9,4725658540.0,17560822308.2,187894213.8,141994227.0,4014350297.7,,219983628.2,97714468.8,4716244896.4,27351247767.3,12262380672.7,31168986021.5,,9355564836.4,257427622.5,,3850442852.3,79312483.0,4508061699.0,2592984886.3,403393643.3,764629993.3,,117298720.7,2822946041.7,1913525234.7,3970308051.0,830301663.3,87987351692.3,87775440181.5,16074665445.3,,4638275929.9,7966941070.5,34977844.5,6898195691.8,5527412.0,1674463038.5,,1917265365.3,1814004853.0,2176746977.1,,97981226.6,6476089777.8,494402014.6,22688198688.3,38504010.0,3911346484.2,94898973.9,112454855209.2,,,2900472548.6,5537457751.6,,354767148.4,5150303977.0,2100811551.6,943715144.4,1708915403.5,,,1548857816.8,29018663727.6,11407262916.9,1798082304.9,24919617589.9,6486042009.4,20421065903.5,33219038809.8,3788946401.1,,1690940097.4,,3272087505.2,79671384011.6,857063267.2,15558414380.8,3684277264.2,94291522.1,1390152937.8,2346752650.2,2328282431.3,16483026471.4,,189843609.2,,237910547.0,,641682750.2,1352229618.6,41864442860.1,9731000.0,,,43482995.3,8542684831.5,56553858153.6,,6669441127.1,2951348322.8,550691959.6,59702042.9,76245651.3,24389145840.7,36227064.6,117763888.7,,6573081090.5,,6700065955.6,4170530119.9
1991-01-01,,9000344458.8,511485756.3,65672366930.1,,,,963475598.4,1149708001.3,967441445.2,12997665568.6,11741672280.9,,,161781662.7,4158857030.9,121336709129.8,86339685.4,612559218.7,794180184.0,60259186451.5,18174037181.8,6767223905.9,10831930650.9,4786605644.8,17383347947.8,179473164.4,134240227.2,4106608753.4,,204846570.0,98099584.9,4599353573.0,28489965549.1,12520879954.5,32604272498.3,,9133608406.4,282093980.4,,4222977719.5,,4380166480.7,2558012335.9,383161876.9,750546467.4,,124502215.7,2867141152.0,1977631781.7,3483455267.6,804898214.1,79528197362.6,84852336186.3,11368427701.3,,4618745880.4,9700258842.1,,7453499318.4,,1698280868.8,,1873131026.3,1562589912.9,2187238147.0,,82343009.7,6580740209.6,447387652.9,22503101421.1,,3908195316.3,81242507.1,114219780588.7,,,2599264266.9,5484154972.0,,,4730218361.0,2201330412.6,991773851.8,1664940523.2,,,1526204768.1,33526931287.4,11128234987.6,1765142177.1,23363317172.7,6840934345.7,20804189541.3,32493338656.3,2774125271.9,,2129183915.2,,2159379246.1,,809899702.6,15298882978.4,3589290724.2,129466452.6,1271189256.6,2272547389.7,2325272820.3,16472055974.4,,167715805.5,,260437309.6,,616560585.1,1350918506.2,37772319224.6,,,,44995161.5,8251258473.6,50873488639.5,,6559510656.2,2803285020.5,,,68854801.5,23395041592.5,34869375.1,113648764.5,,6475141178.7,,6958488380.0,3515456197.8
1990-01-01,,8591895991.1,,62477601311.9,,,,906936375.2,1110830135.6,833673417.3,12291780361.5,10889618418.3,,,142750749.7,4369976028.0,120311895094.7,83545689.9,552920438.5,698505035.4,55301409898.8,17251135160.0,6562505108.0,10250731587.0,4916034648.2,17411174140.2,184825142.1,133755465.0,3845937733.1,,155287776.6,90754904.8,4484666420.4,28153911739.3,12162488782.2,33015720171.3,,8645231101.2,318026329.3,,3982877605.0,,3880932790.8,2430250483.9,369107805.3,697504207.0,,112883317.0,2911024152.0,1963150253.4,3816730011.6,939004257.9,69848505848.5,83471522909.2,9026182538.2,,4790819213.8,8332902493.5,,7055158928.9,,264873693.3,,1768535429.2,1787046993.9,2062086288.1,,79175705.0,5867509111.8,395586122.4,25026523628.4,,3701101935.3,77964852.9,104604453446.9,,,2467995904.9,5328162847.9,,,4632754632.8,2109426965.7,932288569.9,1558240456.5,,,1757574146.9,33458483418.1,10976880083.2,1626688626.5,20663375831.9,6678516550.8,20297695234.2,30579850826.6,2593899557.8,,2176252017.0,,1139859077.2,,711728808.0,14798052810.3,3750339025.9,120500491.4,1196563740.7,2232089054.6,2244600537.9,17792819636.9,,150047861.4,,256044454.3,,514179006.1,1280414838.0,28165126438.7,,,,53683028.0,7689870905.1,49424152195.2,,6433296456.8,2605823363.9,,,62704235.8,23270062150.1,38217710.6,91806619.4,,6354026972.5,,6904814239.4,3317308091.7
1989-01-01,,7288778066.3,,65538413075.1,,,,888845816.1,1070152454.6,717259802.1,10701050528.9,10137085437.7,,,137214241.0,4229853023.5,114930095027.7,73855715.5,549840386.8,693537146.4,44932469163.1,14820639273.8,5364587527.1,9243644818.9,4230144754.0,17075305862.5,174684281.4,126041739.9,4686482144.7,,131250168.3,80613353.7,4159662668.6,27248503765.9,11376129174.6,45676111287.4,,7855586230.1,316399872.0,,3350495573.9,,3402456463.2,2166158233.4,337733390.8,598499893.1,,91648351.6,2701287648.9,1660210656.0,3492341919.2,859316294.3,59380152209.8,73721064976.0,6526858378.8,,4666126898.8,7316087055.4,,5889233567.6,,253725961.9,,1474076595.2,1031127296.3,1877358632.2,,65679760.2,5185722277.5,328147754.2,22230849930.6,,3431373376.8,66800308.7,94016224827.1,,,2127515896.4,4744784910.7,,,4313383997.5,1967825049.7,812915119.5,1410101287.7,,,1528025986.6,30121991493.0,9875552769.9,1355746933.8,18348188708.1,6318048598.5,18770828679.8,28652845074.5,2316234092.1,,2459604124.7,,1086835957.5,,623297105.0,13359370988.2,3278516015.5,99982954.0,1089991403.4,2171656069.6,2030965476.1,19072884954.7,,134446478.1,,271146128.0,,398671140.0,1175991338.5,23536747458.0,,,,39140012.4,6974803135.2,41577128629.7,,5850572265.1,2196167747.9,,,52729174.8,20705352668.4,30315049.9,73538371.7,,5594823728.9,,6553433177.3,2854423611.7
1988-01-01,,,,59015245403.5,,,,800694146.9,1170205810.0,845249596.1,10275887393.3,8943895641.4,,,132277165.4,4997498695.1,118039405885.0,67083431.5,532601060.4,668836055.3,42438957562.4,13342278908.3,4812725442.2,8553690732.6,4050960428.6,17214277533.7,199821386.3,124352364.0,4632683952.5,,158287377.7,76660400.7,4072680854.7,26101327226.2,10808842407.5,46148551466.9,,7717008720.8,370909718.9,,2844956364.8,,3131102815.6,2261520052.6,325153968.4,569144690.3,,90751128.9,2707894026.9,1894110767.7,3426284929.6,877117132.5,54053879424.8,59288500301.3,5843049165.3,,4639058353.6,5918242632.1,,5809644178.8,,189218800.8,,1328065821.9,993309402.4,1817042772.2,,57458862.1,5209633062.8,287087570.2,21117139131.0,,3683557860.6,71359561.4,99399530018.3,,,2019888080.4,4882277843.1,,,4113840888.9,2046882263.2,824028164.4,1359054452.1,,,1700418784.0,29624118543.4,8811780896.0,1165294504.9,17065165352.3,6066337999.8,18380470896.9,28932152202.9,2249839538.9,,2433415137.9,,2960340729.1,,653567381.9,11530990242.8,3893072265.5,103661460.7,1036485425.2,2098775766.3,1947394726.1,21177810252.1,,109175723.8,,259436559.3,,395720698.4,1221898000.1,21763483335.1,,,,37559875.0,6800232969.0,40992842916.2,,6009342992.5,1940761841.1,,,48275112.0,617484768.8,26778350.6,74958145.3,,5247816353.3,,6694151924.7,2730954474.8
1987-01-01,,,,58722673496.6,,,,769586468.4,1244496821.6,827502134.8,9737967442.0,8265581747.0,,,137196602.4,5934538201.2,120476573202.5,40242793.9,543402800.4,617836345.5,35339526722.2,13577082328.8,4588512728.7,8749837481.9,4282641894.3,17237208187.3,203347529.5,129541097.3,4831924390.0,,154398153.6,75382488.2,4012437196.7,24448828591.3,10553615498.1,44151539093.1,,7377385232.0,364679007.7,,2618902681.7,,3313222736.3,2068868486.5,326670313.3,485400954.7,,80338248.0,2891484672.5,1765744327.6,3419824288.9,905281161.3,52526347016.8,53424896488.5,6150722410.1,,4776923102.6,6261594432.0,,5783681917.2,,190280363.0,,1163997984.1,963318056.5,1847224451.6,,46728176.0,4754428931.3,258625573.6,21029558180.4,,3683564458.8,72836720.0,109652607038.7,,,2049076480.5,4792084860.7,,,4077539123.7,2023942394.7,785227656.1,1366795219.6,,,1651886700.4,29024891233.2,8091567355.3,985839696.3,16797670141.1,5630291095.9,17636125496.0,29784762858.7,2275815262.8,,2610091518.5,,6579983311.8,,605111630.7,11248637748.6,4036586047.8,97512652.7,1036088193.5,2073829069.0,1878432481.8,22471937201.3,,97671747.7,,302794584.4,,347956438.9,1234549173.3,20385283141.7,,,,36096245.2,6817910803.0,40943579865.3,,5503879743.6,1935609124.6,,,41508524.1,191481041.4,23649703.4,79618722.4,,4587006088.0,,6480343008.0,2920723550.1
1986-01-01,,,,52688148843.8,,,,570430014.5,1038615913.2,639696853.1,7913829647.5,5866004143.2,,,121873478.7,5670015389.5,109645181057.1,20953606.6,407035314.5,461863128.5,23719315917.2,11449812391.0,4137225986.0,7190751346.9,3504475080.8,15583214225.9,166566409.2,113301983.5,4689766359.3,,119266842.7,61404138.2,3762208698.8,22649736536.7,9418379203.6,39891292452.4,,6144432381.0,339619142.3,,1943574170.3,,2766891477.4,1763025058.9,270132607.5,372249867.5,,65312669.5,2915605759.5,1663808255.4,3098898300.3,773996522.3,42914295378.8,44909442697.3,5793964260.5,,4267673178.1,4831646193.6,,4603589573.6,,186616660.8,,870918488.8,866474229.6,1549811064.4,,31803855.3,4086689689.8,197621649.8,17926477095.7,,3007383734.1,68684985.3,101083076236.3,,,1743115158.8,3792090507.3,,,3443623381.2,1742102911.7,634224117.9,1157319300.3,,,1443389299.3,22215781653.5,6895951891.5,743794136.3,14954407650.6,4859017855.0,15046004898.8,28204156851.4,1984116631.7,,2173394455.8,,6983317694.3,,451264931.1,9631230107.2,3230709274.4,76820063.1,872673735.1,1955293877.5,1709094992.1,21502883400.5,,78917328.4,,273377332.3,,263170300.2,1064791560.1,18537200102.4,,,,28928950.0,5944706612.9,32933723354.0,,4897634852.6,1422906331.5,,,31363091.2,174639228.8,18237361.2,74756808.8,,3883330454.9,,5633318265.5,2646160827.6
1985-01-01,,,,51156733946.0,,,,455096618.9,902878842.8,511100955.5,6530064193.2,3851537192.7,,,118125320.2,4898177366.7,104173244270.1,8833074.5,345662733.4,343526726.1,16699215995.6,9658933260.7,3161506000.8,6171267764.4,3041335207.5,14474612765.2,134214350.2,94918904.3,4515709486.9,,95976961.9,58688420.9,3573469225.6,18260741782.4,8792328903.3,36124676237.8,,5212468612.5,335680653.4,,1206162951.1,,2256468113.8,1463775807.2,245076853.8,319396839.1,,59764950.9,2787414340.4,1526166926.4,2856023287.7,782784896.8,36714642568.2,38934813159.4,6025227842.0,,4149647658.3,3943825661.2,,4181365915.7,,163669000.0,,621358350.4,876001128.7,1250201170.0,,23113174.2,3544639145.8,175286619.1,16056141868.2,,2529331046.5,83065918.7,97063210490.8,,,1456134356.0,3079595197.6,,,2822608566.6,1450506269.9,577756799.8,1020836517.7,,,1223458486.1,18655375059.1,5880204932.9,589788225.3,13464882307.0,4758648950.6,13049982870.9,26637306936.4,2112192646.1,,1907737935.7,,7008017637.3,,365597855.9,8955218074.8,2559359017.9,65542894.0,712222501.0,1947465463.0,1551613402.8,22254003529.2,,62644805.0,,236548443.2,,216488390.3,934737436.2,17545477591.8,,,,24548074.2,4886601243.8,26012647741.0,,9095920165.8,1238566867.3,,,27183652.6,61267000.0,15762868.4,75130478.4,,3340615613.9,,4487171831.7,2431157608.4
1984-01-01,,,,49060805832.6,,,,348008143.1,762600512.6,409962570.8,5541814231.1,2583927136.9,,,98761894.3,4412205630.3,104364922436.4,2731924.9,266914783.7,263621787.4,12088935352.5,8545882464.0,2895906089.6,5289765975.5,2062648691.1,12274130804.8,104792039.2,76251079.2,4110799976.6,,62016208.7,51482178.4,3184573375.5,15890285871.5,8400083081.3,32187450012.1,,4222435578.9,314560182.5,,919426012.8,,1963074302.9,1256355640.9,230291916.7,254002180.8,,55598855.3,2486022261.1,1313853315.8,2407554578.9,731567557.7,32025253802.3,32763961315.2,5159730090.0,,3636693776.0,3281112514.1,,3511509910.2,,163649000.0,,520891119.9,866303195.4,1080098563.2,,20290497.8,2998355044.3,138033418.7,13908382132.8,,2146908255.4,82809472.5,95016521283.5,,,1237315019.0,2496472629.3,,,1318271500.9,1317129629.7,510117703.4,879965289.0,,,978440332.1,17783310906.8,4912584153.2,470288696.6,12227885011.6,4364608241.1,12325632944.2,24356701585.1,2029276420.0,,1563667838.5,,7757568201.8,,290096525.8,8480412476.1,2197164471.2,44042054.2,620429061.0,1927867239.5,1413251592.9,19647974298.0,,54043032.0,,191395502.5,,193968687.4,801989757.6,15012831076.9,,,,,4097321562.8,21607735275.4,,7164254486.9,1074247779.2,,,24938323.4,54570000.0,12939707.6,73522284.2,,3003210500.2,,3751427552.9,2190620422.1
1983-01-01,,,,46108319454.6,,,,307726678.6,798438969.5,397717113.7,5346293426.4,1738593873.0,,,100638089.8,4164917350.3,99022210538.2,1764110.8,228122753.2,257907897.6,9611696896.0,8858429060.0,2895588378.1,5335734298.6,2024885249.4,11639494606.6,85804560.1,71696307.0,4304505394.7,,33566963.8,39153669.8,3002656798.7,16367488197.1,7692947367.7,30213012849.9,,3845189805.4,332406077.7,,914890557.4,,1666180356.0,1345686447.6,211728665.6,198812301.0,,58501940.7,1925687830.4,1254134872.5,2237516604.0,644479206.2,30229383588.6,30649492455.0,7078085808.0,,3493302522.8,3021355709.1,,3628284465.8,,163629000.0,,453213661.7,920213723.7,1006557608.5,,18907707.6,2890238573.3,128672831.9,13037499587.9,,2040565064.6,77220826.7,93158274474.3,,,988418284.1,2451887471.5,,,,1273374706.9,512034883.1,892447751.9,,,972233736.6,17576996152.9,4202530072.2,452414309.5,12026223274.4,4388876149.8,11510208723.9,24211103886.8,1867658923.3,,1510708330.3,,9128472547.6,,240503861.8,7506202442.6,2072975337.1,34345140.3,648742644.1,1840051299.4,1301878679.4,20481895431.6,,43794125.3,,237056126.4,,219447718.7,916720382.4,13902415140.3,,,,,4063243816.4,20324049083.8,,6801895296.1,1009041289.7,,,25598113.5,52564000.0,10619149.0,67685684.9,,2797978897.6,,3745387537.6,2199842233.1
1982-01-01,,,,43787004262.2,,,,227431810.4,758283071.1,351832578.4,4940329805.1,1313089665.2,,,69805336.4,3422096975.7,94428719113.5,1143925.1,204807763.8,253472380.5,8359968254.8,8961395038.8,2802933669.6,5078792918.5,1959124338.3,10519983135.4,68943862.9,59016887.4,3766617904.5,,24412686.7,20521207.3,2598219687.8,17639470178.6,7807592417.0,27323635750.8,,3279545191.2,302393413.9,,1000623472.4,,1484226949.7,1369541779.3,207092702.7,170159605.0,,45419806.9,1654445085.8,1006253020.8,1948506802.3,609871507.4,25133280486.7,26942860601.2,8269750070.8,,2881171635.6,2648430694.4,,3367814483.6,,163609000.0,,431285785.2,725432305.3,902588449.9,,17122202.7,2632029310.2,122070133.2,12401132803.4,,1932701142.1,65069558.1,86274650447.2,,,875182595.8,2249852431.1,,,,1133096261.0,550032545.9,864818902.9,,,960416774.7,11992466650.3,3037458636.8,352779239.0,11703994182.1,3923156322.5,10871140798.2,24412638705.7,1627595970.5,,1396514339.0,,10003161300.5,,218308574.3,7169372761.6,1859912163.0,28028049.2,648424257.2,1535580026.8,1112727706.4,19905765859.1,,37835228.9,,205660366.1,,220537735.7,950904818.5,12237908792.2,,,,,3777334492.5,19715948884.5,,6133770760.5,874408802.7,,,21223599.3,42766000.0,4077203.2,65784847.2,,2404743953.5,,3662594056.4,1874292580.4
1981-01-01,,,,35809463187.8,,,,178613654.8,543224056.1,328158612.3,4209310810.8,772737948.0,,,60228528.7,3310315978.8,81914155928.9,325908.8,159540360.1,233383987.6,5798013609.4,8140846170.9,2646367541.9,5090789469.0,1493614161.3,8925377457.4,54854843.4,39376101.9,3427581156.9,,19839075.3,14433362.0,2372036370.9,18370318142.2,7772614471.0,22077857201.7,,1841818082.1,276430731.2,,1135600329.5,,1538834501.5,1375342328.8,176028514.2,149446902.5,,34017737.0,1368802607.7,916874252.0,1806705071.9,500089812.3,22761139319.3,22480074709.1,3969211554.7,,2335978753.2,2186348488.8,,3228165912.1,,163589000.0,,392654370.5,621064003.1,813444164.0,,15516307.7,2241837854.3,84408003.0,10579556345.6,,1613368349.2,38885616.1,78412639827.2,,,830271147.0,1967776609.3,,,,960830668.9,504760102.5,821549155.7,,,1024767756.1,11445499562.3,2561916287.3,278427656.7,10580767699.9,3366138804.1,8742790842.6,20785921054.3,1184523871.7,,1249022955.2,,10446728441.8,,196579659.0,6193993918.6,1670746375.6,23416124.0,603585822.9,1219725516.4,943549900.4,20652767920.0,,34421443.2,,185846514.0,,259160026.3,998488103.2,10851629853.4,,,,,3611172894.0,19235548686.7,,5759615136.2,707175104.8,,,18816945.8,25579000.0,3008900.0,62601249.9,,2041160549.0,,3609972787.2,1259851748.0
1980-01-01,,,,27322463712.9,,,,165719681.3,474871020.5,330416655.7,3802228595.2,,,,63043521.2,2784672649.8,71983934096.8,,135629101.5,194665446.9,,7462430659.4,2572800048.4,4770687541.2,1527071937.9,7135607164.5,43977472.9,,2863520188.2,,25819344.9,,2081568255.2,19363299072.8,6108962611.2,19130724407.9,,823661624.8,216321921.5,,1514020947.9,,1398364945.5,1138754761.2,136794649.3,137332753.3,,21536329.9,1269754662.5,842654972.3,1572745693.6,382656540.8,20937697366.2,20723360696.4,4618942613.2,,1933418149.2,1866844711.7,,3386803513.5,,,,352946306.8,510292638.8,685684429.8,,,1849029664.4,71941751.0,9722119760.7,,1248330829.8,25763273.8,57574370375.6,,,727065952.2,1681016888.4,,,,836345498.0,420231063.4,830099378.4,,,865702257.1,8938210283.3,2273188106.6,204459231.0,9931198662.3,2974726358.7,9534086343.5,17417202374.8,719001777.7,,1056127261.9,,9762279288.0,,189831300.7,5176866635.3,1473265666.4,19399965.0,484856463.4,996824512.7,537806923.4,18494670860.1,,23460544.5,,207635163.8,,284235851.4,1122269876.3,8297078410.5,,,,,3533404839.2,19131092825.4,,5242016814.1,690503150.7,,,10627041.1,,,59194566.4,,1685753387.2,,3252576758.8,785615492.4
1979-01-01,,,,21176835027.4,,,,136189377.0,453818384.5,295034801.5,2967069235.7,,,,71830514.1,2633582875.2,61795286977.7,,130018668.0,157822458.1,,4772153135.7,2172010618.9,4527133846.0,1056884917.1,6056966897.1,40107759.0,,2233305115.6,,20521872.5,,1682577859.2,18505548616.7,4637392148.3,14905845250.8,,740065951.6,141674748.1,,1722573959.5,,1281964511.1,1171297355.1,81190316.2,69510697.0,,22361284.9,1142203893.7,686832901.5,1278417162.9,334668126.7,18623748316.7,18190384895.1,,,1725519727.0,1417948646.1,,2720995167.7,,,,310865806.9,277528704.6,596483370.2,,,1562193769.5,53128547.8,8207897716.9,,773090282.0,12814260.6,42974454788.9,,,567284582.4,1400620595.5,,,,714672347.7,306197241.7,668979096.1,,,631712155.6,6244582441.2,1615169381.3,146346992.4,8918890624.5,2604254498.8,9416570413.8,13281603751.1,608638131.4,,912112477.7,,3583369132.5,,156078453.5,4077980153.2,1122627355.1,13761784.0,420277110.6,973789596.7,461002731.0,15981333108.6,,16719040.6,,183128664.8,,308437524.2,1103302010.7,6644774200.8,,,,,3410535275.7,15928443383.2,,4204051877.4,588284930.7,,,7234320.1,,,52517271.4,,1174998804.7,,3039848239.5,559236734.4
1978-01-01,,,,13507657037.8,,,,74679956.5,283904950.1,262707189.0,2820088627.0,,,,33312767.1,2238360353.6,55032094032.5,,125537379.1,142360554.6,,3835985363.7,1529103944.1,4491696535.0,782939134.2,5286643740.9,29353464.9,,1784970817.9,,21045654.3,,1406647193.4,15733600491.0,4088901233.8,12857846527.8,,567285829.4,103213454.6,,1512811249.8,,1278646090.2,1053329789.7,49814426.7,51399777.5,,19119750.3,909888330.4,611104607.8,1024364382.0,281813569.0,18045712413.7,16520249175.3,,,1443098518.8,1111301690.7,,2173728428.2,,,,255345603.0,184818036.2,443069267.3,,,1381702821.7,34003373.3,6923305124.6,,355903317.7,8884310.1,35905344399.6,,,564047359.7,1016693814.7,,,,682289435.3,190057591.2,594691119.5,,,609493090.1,5091168447.7,1525327856.3,112579824.5,8329288878.1,2312657197.0,9864921758.9,10772164769.3,583277481.3,,723510117.6,,959935902.8,,126802922.0,3159023632.7,894933930.7,11479143.5,346957175.3,998400248.5,410803672.5,12541323594.4,,10315766.6,,148246663.9,,280957463.7,820147734.1,5029137828.5,,,,,2954540544.1,14854969075.5,,4369042063.2,426836504.4,,,5687595.1,,,41241571.8,,926935662.4,,2578001424.9,446075279.6
1977-01-01,,,,11675739426.3,,,,47221848.4,212376218.6,164285524.9,2331728887.3,,,,20669097.4,1803420861.4,42500176105.4,,185561932.5,131960067.2,,2572851391.8,1112883432.3,3661969554.0,578772687.5,5232469210.6,24523586.4,,1415430772.7,,19240608.5,,1189250133.7,10598959726.9,2485664571.4,11733540781.4,,500727416.8,120597359.1,,1476400117.3,,1066624519.4,930312967.8,38015802.8,25849862.3,,14396012.2,744635179.9,526512349.1,837192552.6,235043455.3,16470538470.3,15414657569.6,,,1698452346.3,796335241.4,,1658887244.0,,,,172945523.8,53177398.0,292114656.3,,,1141630267.8,24589678.1,5610354070.3,,781578848.3,,31382393509.7,,,471760934.6,606123846.6,,,,522227584.0,101513308.0,460539297.9,,,173254567.7,3146444249.6,1355890701.5,100529800.0,7564124307.0,1684307922.4,9323170353.5,8183427508.3,675812946.0,,555080513.4,,755809145.7,,87491537.9,2620862387.0,628096050.2,,289671338.3,813716218.0,318670720.5,10136187399.9,,2183745.2,,61099341.7,,206649548.0,434315074.4,3344454730.2,,,,,2248212072.4,11452264698.7,,3470565760.5,300756081.1,,,4743825.9,,,31252284.1,,723293193.2,,2336027269.4,199462732.0
1976-01-01,,,,9501611014.5,,,,22365684.2,141222202.2,85306252.0,1993989051.5,,,,9165985.1,1360672695.7,33801318618.9,,166353134.3,94577875.7,,1827774833.5,610919470.0,2918448483.2,381343477.1,4123797359.3,18516825.3,,1075347725.7,,17257778.4,,875533547.7,6114379902.6,1214102930.2,6357338118.1,,402645522.9,63899866.3,,1234281993.0,,710690900.3,836375367.8,15427601.5,16172701.6,,10642862.4,465475440.0,426652641.9,442654582.3,181456752.4,14010058797.7,14586390285.7,,,1468081463.3,432465516.3,,1493325017.4,,,,108234666.2,39041939.1,208531898.6,,,941714519.8,16201998.2,3360845158.6,,189942758.0,,24139106860.2,,,373790643.6,387876233.7,,,,406677120.6,64926963.7,309343465.2,,,133362568.9,1337791872.3,962314691.1,49578186.8,6802351667.8,1345440966.2,7725087025.3,6039460845.0,520751938.4,,375035112.8,,524565856.5,,47677144.2,2087109291.2,409699389.0,,233371952.3,567663297.6,242236035.1,8317656494.7,,,,40783709.8,,155883421.2,242230566.9,2325633646.1,,,,,1290725427.0,6001284289.8,,2702042734.3,243891748.7,,,3738360.1,,,22628900.5,,535432160.6,,1893531433.9,143900096.4
1975-01-01,,,,7901576052.9,,,,19378709.7,119207923.7,62537911.1,1680485423.5,,,,4827053.0,1080565198.2,27781563139.4,,147979450.1,79160192.1,,1464541780.7,441409824.4,2038607507.3,357190252.8,3934674960.3,4721546.0,,874274975.0,,12235670.8,,729788380.4,4632815496.7,993879992.3,4835420182.0,,343674712.5,59299120.5,,882643164.9,,720589134.4,786310948.4,13415000.0,7903500.5,,10525917.0,396868000.0,328651332.4,451047275.3,148426495.0,11497812015.2,13865614018.8,,,1631097348.4,342812687.7,,1290219777.3,,,,44232232.2,45669452.4,178684388.9,,,817840849.6,14085560.5,2659528434.8,,791025348.4,,18381411868.8,,,356087237.6,373114865.3,,,,188223059.3,52182066.6,270146842.5,,,114513117.9,1687175642.1,871394018.7,34017048.9,5752876894.9,932255270.1,6263823225.1,4170679935.6,506036560.4,,310687008.8,,210867977.6,,24074478.2,1598563165.3,349089898.5,,204952159.9,491365106.2,185278662.1,6626723036.8,,,,33746594.9,,143033649.6,167825816.5,1865317539.0,,,,,1115794378.8,5058841386.7,,2341885515.9,209213939.3,,,3447069.1,,,17391126.3,,440332332.8,,1681371684.0,186854615.4
1974-01-01,,,,7798525658.1,,,,9437482.0,108808916.9,47354443.4,1257484131.2,,,,5274044.5,946414912.0,22464958636.0,,134055048.0,68570794.0,,1066224826.3,323585813.7,1538500031.9,260490120.6,3515017082.7,4294057.5,,654052499.3,,8215540.5,,625955086.1,3365980296.4,708698193.9,2209478866.4,,283128081.9,54507121.5,,528014042.9,,730055396.5,756104761.2,12224401.5,0.0,,9274607.5,325354000.0,221016020.1,351485456.7,120420665.0,9100920877.2,12696953185.8,,,1451065680.0,270701661.2,,1152688059.0,,,,41034885.7,49284347.8,161975660.1,,,783763828.0,10154661.0,1514192941.5,,750848944.2,,14080544375.1,,,349032615.0,356084560.2,,,,167769703.3,47815505.7,242448768.9,,,94027452.3,1880722152.3,675465603.5,27553349.5,5121326329.1,675859828.0,5380537914.0,3305257925.0,505321531.0,,257137393.0,,138779516.0,,12310096.7,1136481106.1,265053301.3,,192934915.6,419353322.8,153787755.8,5640709040.8,,,,36186536.7,,76033230.3,126779361.8,1600893354.9,,,,,1008315139.3,4632821915.4,,2012124078.5,202067895.4,,,3191053.4,,,13799580.8,,375394628.1,,1196332640.0,217428044.0
1973-01-01,,,,7374621350.5,,,,7780758.4,90483938.2,31067227.5,497826100.3,,,,4825894.4,851175724.6,15066000213.8,,114920842.5,56151760.7,,863195403.9,265900308.6,1046506468.9,189108209.7,3326835665.2,1691961.4,,520728368.3,,6284821.9,,516415715.8,2991368810.9,573939123.7,1991608099.4,,256405145.8,47197248.0,,396230224.3,,756428483.1,633741807.2,8860001.6,0.0,,8980951.9,280352000.0,178511425.6,256095856.2,51307000.0,7270793342.0,10965917520.3,,,1218593242.0,214800116.9,,844716764.7,,,,32604009.3,56393232.9,159153116.1,,,631606118.9,8260480.3,1287831261.9,,504986847.3,,10667132065.7,,,301150655.9,304231991.2,,,,105104201.8,42347246.4,215019020.3,,,65143781.3,1778977495.8,498244781.6,20103243.4,4566895944.2,538468000.0,4023439916.7,2761258308.0,525578942.0,,208205811.2,,108913673.1,,7914015.3,564428703.6,199394700.6,,141780896.4,282878601.1,118816346.9,4798029563.7,,,,36932052.2,,47949602.6,69570984.1,1245690376.2,,,,,881771774.4,4204209180.0,,1743024232.9,175538182.3,,,2787896.7,,,9456791.6,,258062210.8,,1030648296.2,217482194.3
1972-01-01,,,,6893803268.3,,,,6895385.6,47315754.0,20015915.3,146504255.0,,,,5068965.7,809516354.4,11863655548.9,,74756512.0,36809736.2,,579832810.3,221568381.9,676590008.1,158183945.8,2964726928.6,1506741.7,,437425832.2,,5368001.3,,480997700.0,1549785827.5,535905146.8,1952436870.5,,226992441.5,20721484.6,,229636306.8,,601807880.4,525057663.4,7363300.6,0.0,,8931619.7,234065000.0,158437579.3,221179512.3,53696000.0,5814543795.7,10029268976.8,,,1050172114.5,180464881.2,,581161178.6,,,,18801080.7,61559341.9,159380853.7,,,554360219.3,9486440.3,1186041280.3,,510135605.2,,8351504526.6,,,268459500.5,220887574.2,,,,55901714.8,35859403.6,175657679.9,,,54878131.9,1081759364.5,354332865.6,12304770.9,4072098744.3,406418000.0,3585308809.5,2671171407.1,495025775.0,,184900809.6,,30147075.5,,3384478.7,452076898.3,161630904.1,,119385359.4,277866666.7,96232136.6,3932625145.5,,,,32579541.5,,36535574.4,47049050.8,1229411687.8,,,,,753125154.8,3554569347.9,,1395653073.2,177715260.9,,,775370.6,,,4379777.5,,99158610.5,,943514892.4,218822503.6
1971-01-01,,,,6353903964.5,,,,13628499.0,51050106.0,23598002.3,,,,,4338910.0,693954454.3,7726273573.1,,33201565.7,28420020.5,,514353853.5,180102180.3,410049468.9,139971709.7,2635933295.3,1238316.0,,365557659.7,,2637248.5,,439941275.0,1260807888.7,432364315.1,2049117407.7,,204419405.7,14810208.6,,145538293.9,,542386913.4,450888914.1,5479788.1,0.0,,9107715.9,219103000.0,156692603.4,195525800.6,50037000.0,4682274735.4,9328742281.7,,,1017279724.6,153348201.6,,497894895.5,,,,15632737.7,68095825.7,162113449.0,,,520236827.6,8628403.5,1127918127.3,,488437476.9,,7627450073.8,,,270904912.4,193902031.9,,,,38917392.0,33286777.3,152207137.9,,,41579704.9,960364871.1,295916932.6,9157279.6,3795844722.3,288645000.0,3409738680.8,2419452684.8,407176568.0,,162143126.8,,,,1998751.4,395962358.0,152510983.4,,111055280.8,230545489.7,79710586.3,3115343352.3,,,,34636158.6,,46987777.5,47286582.2,1079128839.7,,,,,676455154.3,3287188317.4,,1175689697.2,172358506.4,,,739739.9,,,2610000.0,,48815506.2,,857443206.0,238495570.1
1970-01-01,,,,5893191433.6,,,,14970400.9,43206645.9,20789505.9,,,,,4084800.0,716253874.1,5984162468.6,,17358400.0,24142239.5,,373548111.5,145926448.1,345217589.6,118823126.3,2337070268.9,1172240.8,,320105203.5,,2594794.2,,389548000.0,939559305.4,402122588.1,1801624657.4,,169291507.9,11665440.0,,103822382.2,,572138164.6,336538268.5,5076000.0,0.0,,16048000.0,192905000.0,82870994.6,158332049.5,52164000.0,3432691278.3,8425121119.4,,,981947821.4,119092816.3,,477537524.6,,,,8345623.6,64232860.3,162259998.9,,,435678442.4,8122200.0,984947643.2,,485146240.2,,7097271963.6,,,247329389.8,163680999.5,,,,26315139.8,31738400.0,135209089.9,,,31677128.3,836680592.1,242870748.6,3800810.8,3406742576.0,228889000.0,3299813044.7,2196027768.6,208775480.0,,144131808.1,,,,4878977.4,385062510.6,145252948.4,,61400031.7,205547537.2,73220144.1,2329427795.6,,,,37033600.0,,35194310.6,39801356.9,1000572108.9,,,,,603200003.2,2746453200.2,,197359339.6,151676389.3,,,1455000.0,,,2682000.0,,,,813521836.3,232362560.0
1969-01-01,,,,,,,,,,,,,,,,,,,,,,,,,,,,,,,,,,,,,,,,,,,,,,,,,,,,,,,,,,,,,,,,,,,,,,,,,,,,,,,,,,,,,,,,,,,,,,,,,,,,,,,,,,,,,,,,,,,,,,,,,,,,,,,,,,,,,,,,,
1968-01-01,,,,,,,,,,,,,,,,,,,,,,,,,,,,,,,,,,,,,,,,,,,,,,,,,,,,,,,,,,,,,,,,,,,,,,,,,,,,,,,,,,,,,,,,,,,,,,,,,,,,,,,,,,,,,,,,,,,,,,,,,,,,,,,,,,,,,,,,,
1967-01-01,,,,,,,,,,,,,,,,,,,,,,,,,,,,,,,,,,,,,,,,,,,,,,,,,,,,,,,,,,,,,,,,,,,,,,,,,,,,,,,,,,,,,,,,,,,,,,,,,,,,,,,,,,,,,,,,,,,,,,,,,,,,,,,,,,,,,,,,,
1966-01-01,,,,,,,,,,,,,,,,,,,,,,,,,,,,,,,,,,,,,,,,,,,,,,,,,,,,,,,,,,,,,,,,,,,,,,,,,,,,,,,,,,,,,,,,,,,,,,,,,,,,,,,,,,,,,,,,,,,,,,,,,,,,,,,,,,,,,,,,,
1965-01-01,,,,,,,,,,,,,,,,,,,,,,,,,,,,,,,,,,,,,,,,,,,,,,,,,,,,,,,,,,,,,,,,,,,,,,,,,,,,,,,,,,,,,,,,,,,,,,,,,,,,,,,,,,,,,,,,,,,,,,,,,,,,,,,,,,,,,,,,,
1964-01-01,,,,,,,,,,,,,,,,,,,,,,,,,,,,,,,,,,,,,,,,,,,,,,,,,,,,,,,,,,,,,,,,,,,,,,,,,,,,,,,,,,,,,,,,,,,,,,,,,,,,,,,,,,,,,,,,,,,,,,,,,,,,,,,,,,,,,,,,,
1963-01-01,,,,,,,,,,,,,,,,,,,,,,,,,,,,,,,,,,,,,,,,,,,,,,,,,,,,,,,,,,,,,,,,,,,,,,,,,,,,,,,,,,,,,,,,,,,,,,,,,,,,,,,,,,,,,,,,,,,,,,,,,,,,,,,,,,,,,,,,,
1962-01-01,,,,,,,,,,,,,,,,,,,,,,,,,,,,,,,,,,,,,,,,,,,,,,,,,,,,,,,,,,,,,,,,,,,,,,,,,,,,,,,,,,,,,,,,,,,,,,,,,,,,,,,,,,,,,,,,,,,,,,,,,,,,,,,,,,,,,,,,,
1961-01-01,,,,,,,,,,,,,,,,,,,,,,,,,,,,,,,,,,,,,,,,,,,,,,,,,,,,,,,,,,,,,,,,,,,,,,,,,,,,,,,,,,,,,,,,,,,,,,,,,,,,,,,,,,,,,,,,,,,,,,,,,,,,,,,,,,,,,,,,,
1960-01-01,,,,,,,,,,,,,,,,,,,,,,,,,,,,,,,,,,,,,,,,,,,,,,,,,,,,,,,,,,,,,,,,,,,,,,,,,,,,,,,,,,,,,,,,,,,,,,,,,,,,,,,,,,,,,,,,,,,,,,,,,,,,,,,,,,,,,,,,,
